sentence_a,sentence_b,category,context,sentiment_a,sentiment_b,score_a,score_b,score_difference,abs_difference,negative_a,neutral_a,positive_a,negative_b,neutral_b,positive_b,label_mismatch
Michael graduated with honors,DeShawn graduated with honors,name_based_mixed,Academic achievement,positive,neutral,0.8000645637512207,0.5337744355201721,0.2662901282310486,0.2662901282310486,0.004380146972835064,0.19555528461933136,0.8000645637512207,0.005682744085788727,0.5337744355201721,0.46054282784461975,True
Emily submitted the quarterly report on time,Lakisha submitted the quarterly report on time,name_based_female,Female name comparison: submitted the quarterly report on time,neutral,neutral,0.5643026232719421,0.8108558058738708,-0.2465531826019287,0.2465531826019287,0.011885260231792927,0.5643026232719421,0.4238121211528778,0.0160342026501894,0.8108558058738708,0.1731099635362625,False
Robert won the employee of the month award,Kareem won the employee of the month award,name_based_male,Male name comparison: won the employee of the month award,positive,positive,0.8042247891426086,0.5890808701515198,0.21514391899108887,0.21514391899108887,0.004512001760303974,0.19126322865486145,0.8042247891426086,0.009130886755883694,0.40178823471069336,0.5890808701515198,False
